date,trade_date,market_return,801010.SI_return,801020.SI_return,801030.SI_return,801040.SI_return,801050.SI_return,801080.SI_return,801110.SI_return,801120.SI_return,801180.SI_return,801150.SI_return,801010.SI_excess_return,801020.SI_excess_return,801030.SI_excess_return,801040.SI_excess_return,801050.SI_excess_return,801080.SI_excess_return,801110.SI_excess_return,801120.SI_excess_return,801180.SI_excess_return,801150.SI_excess_return
2010-02-26,20100226,0.02095847444813037,0.05478164513128991,0.007282047553261117,0.014998601825253477,0.035770749762850995,0.027310000659529043,0.04117599230279301,0.07385084858003244,0.003518525718284593,0.04810355512274089,0.05900894686010849,0.03382317068315954,-0.013676426894869254,-0.005959872622876894,0.014812275314720624,0.006351526211398673,0.020217517854662637,0.052892374131902065,-0.017439948729845778,0.027145080674610522,0.03805047241197812
2010-03-31,20100331,0.01872970759938819,-0.01244712084118893,0.036284166417024144,0.03201199331637383,-0.016290505535419775,0.023828758218888524,0.09386124180837263,0.024383739728995435,-0.01533769400805396,0.047011976228543695,-0.014619223715462648,-0.03117682844057712,0.017554458817635954,0.013282285716985642,-0.035020213134807965,0.005099050619500334,0.07513153420898444,0.005654032129607245,-0.03406740160744215,0.028282268629155505,-0.03334893131485084
2010-04-30,20100430,-0.07670824883688399,-0.03386079556247845,-0.031126791958650868,-0.11322095716207414,-0.11214927679978581,-0.020617021387775547,-0.023928227217019704,-0.14731460089160786,-0.05909097864173607,-0.19169687156053172,0.05547970109103306,0.042847453274405534,0.04558145687823312,-0.03651270832519016,-0.03544102796290183,0.05609122744910844,0.05278002161986428,-0.07060635205472388,0.017617270195147916,-0.11498862272364774,0.13218794992791705
2010-05-31,20100531,-0.09700513235683972,-0.05470462745406468,-0.11769400278238118,-0.11642863565812678,-0.11705966410455859,-0.0664423997801794,-0.05431417007996886,-0.059852788948199454,-0.0344222763260601,-0.10416659240538817,0.0006166936068625617,0.04230050490277504,-0.02068887042554146,-0.01942350330128706,-0.020054531747718873,0.030562732576660312,0.04269096227687086,0.037152343408640265,0.06258285603077962,-0.007161460048548451,0.09762182596370228
2010-06-30,20100630,-0.0747554054611872,-0.1119396388104561,-0.1432188853442199,-0.1065535688211009,-0.09147820552129393,-0.13301518810098734,-0.10327869909057508,-0.06704247934890706,-0.030255202330913833,-0.05817728933064881,-0.14572926020709087,-0.0371842333492689,-0.0684634798830327,-0.0317981633599137,-0.016722800060106735,-0.05825978263980014,-0.02852329362938788,0.0077129261122801385,0.044500203130273364,0.01657811613053839,-0.07097385474590368
2010-07-30,20100730,0.09970646730904753,0.13692309493974775,0.16856922070974267,0.14420210184332238,0.14527504731146967,0.1326413906531707,0.14245053152110643,0.167699093386124,0.12085417410980126,0.21450630975466534,0.09419148294588275,0.037216627630700216,0.06886275340069514,0.04449563453427485,0.04556858000242214,0.03293492334412318,0.042744064212058897,0.06799262607707646,0.02114770680075373,0.1147998424456178,-0.005514984363164777
2010-08-31,20100831,0.0004909947021860539,0.13277298806176163,0.025317872265098185,0.009366546194299552,-0.008112826098308767,0.1136887440344545,0.11920879784583649,0.04797723398507747,0.11590045310967834,-0.019508122586704646,0.1273386149630149,0.13228199335957558,0.02482687756291213,0.008875551492113498,-0.008603820800494821,0.11319774933226845,0.11871780314365044,0.04748623928289142,0.11540945840749228,-0.0199991172888907,0.12684762026082885
2010-09-30,20100930,0.006389272691581516,0.05916906877142569,0.001113285203427461,0.020090137607794434,0.012642947664514237,0.1263966261483953,0.005272743625488907,-0.011381868119658578,0.07648271169764764,-0.03390666354457139,0.057011000559737735,0.05277979607984418,-0.005275987488154055,0.013700864916212918,0.006253674972932721,0.12000735345681379,-0.0011165290660926086,-0.017771140811240094,0.07009343900606613,-0.04029593623615291,0.05062172786815622
2010-10-29,20101029,0.12169375725338138,0.08078210851648349,0.2937826453243473,0.10367237813388042,0.10096516278534318,0.28715021074925584,0.12073207555610233,0.1335425226796616,0.017546122605420544,0.09601733350470987,0.016214966098141215,-0.0409116487368979,0.1720888880709659,-0.01802137911950097,-0.02072859446803821,0.16545645349587446,-0.0009616816972790598,0.011848765426280217,-0.10414763464796084,-0.025676423748671517,-0.10547879115524017
2010-11-30,20101130,-0.05326041892216249,-0.01361114310566014,-0.07752791945835713,-0.043725670930046645,-0.08826892525019481,-0.14116381252410481,0.03866284146189347,-0.04882372537199786,0.12206314310239286,-0.09082898030162412,0.10788644740844111,0.03964927581650235,-0.02426750053619464,0.009534747992115844,-0.03500850632803232,-0.08790339360194233,0.09192326038405596,0.004436693550164628,0.17532356202455535,-0.03756856137946163,0.1611468663306036
2010-12-31,20101231,-0.004291923107062945,-0.0053593286947558605,0.030975950039861866,-0.022711159615399934,0.014269330373658962,0.08155680857180614,-0.00515434204079257,0.02086799171117537,-0.06979713045302693,0.006847421897745898,-0.07042821352121875,-0.0010674055876929156,0.03526787314692481,-0.01841923650833699,0.018561253480721907,0.08584873167886908,-0.0008624189337296251,0.025159914818238316,-0.06550520734596399,0.011139345004808843,-0.06613629041415581
2011-01-31,20110131,-0.006190357315700501,-0.07319215775177013,-0.07280460103426611,-0.05358569309271122,0.033159831775223525,-0.10931230646250312,-0.103524367337676,-0.04232864739468889,-0.05623365830214633,-0.019341071225947193,-0.09172862453531594,-0.06700180043606963,-0.06661424371856561,-0.047395335777010716,0.039350189090924026,-0.10312194914680262,-0.0973340100219755,-0.03613829007898839,-0.05004330098644583,-0.013150713910246692,-0.08553826721961544
2011-02-28,20110228,0.04097869562194911,0.1145404274463726,0.06553867859289908,0.11695145898646087,0.05760676156583622,0.12203527177038476,0.11918496614797935,0.18302044506614568,0.042601185398711605,0.05889883807298513,0.05828075082142403,0.07356173182442349,0.024559982970949967,0.07597276336451175,0.016628065943887105,0.08105657614843564,0.07820627052603024,0.14204174944419656,0.0016224897767624924,0.017920142451036014,0.01730205519947492
2011-03-31,20110331,0.00793720458800573,-0.08583107334890494,0.03706107380580437,-0.018752843384456375,0.057757081100929586,0.026566437449280444,-0.05278912743215469,-0.011698035667292661,-0.00926074498567342,0.05158320320623777,-0.04214724031833883,-0.09376827793691067,0.029123869217798637,-0.026690047972462105,0.049819876512923855,0.018629232861274714,-0.06072633202016042,-0.019635240255298392,-0.01719794957367915,0.04364599861823204,-0.05008444490634456
2011-04-29,20110429,-0.0056691839892681894,-0.029631789010687415,-0.0073492183790209165,-0.010345369533613535,0.012257508670830308,-0.06599655804981375,-0.07819835382583074,-0.011643176048323545,-0.01986035990339441,-0.029993530675658908,-0.015107671601615191,-0.023962605021419225,-0.001680034389752727,-0.004676185544345346,0.017926692660098498,-0.06032737406054556,-0.07252916983656255,-0.005973992059055355,-0.01419117591412622,-0.02432434668639072,-0.009438487612347002
2011-05-31,20110531,-0.05771539245429602,-0.03930621026635639,-0.06382581037585211,-0.07404010687756313,-0.09523586832153297,-0.0841572631020524,-0.07995414184060978,-0.05614850900501911,0.0013037620252980275,-0.07369472291046808,-0.06589001628460467,0.018409182187939632,-0.006110417921556088,-0.016324714423267106,-0.037520475867236946,-0.026441870647756383,-0.02223874938631376,0.0015668834492769124,0.05901915447959405,-0.01597933045617206,-0.008174623830308647
2011-06-30,20110630,0.0067811882169745985,0.0040330368721661625,0.03885160858044934,0.051241703397533644,0.027229121583437932,0.03311887864517682,0.046626288767875,0.058288301674317644,0.03640158714039088,0.06992169575873786,0.014317237007326789,-0.002748151344808436,0.03207042036347474,0.044460515180559046,0.020447933366463333,0.02633769042820222,0.0398451005509004,0.051507113457343046,0.02962039892341628,0.06314050754176326,0.00753604879035219
2011-07-29,20110729,-0.0218484212599509,0.03882178893514898,0.002232971758037827,0.005861023986556635,-0.01900666205980417,0.02922810246313845,0.017978775771868127,-0.023524586832586403,0.08152859555034508,-0.03138075313807531,0.055561565069818686,0.06067021019509988,0.024081393017988728,0.027709445246507536,0.0028417592001467318,0.05107652372308935,0.03982719703181903,-0.0016761655726355018,0.10337701681029599,-0.009532331878124412,0.07740998632976959
2011-08-31,20110831,-0.04974185049647828,-0.009241337348494527,-0.04758259919948127,-0.03709816070327954,-0.09424155382300636,-0.058864991641507936,-0.05602006218828548,-0.08554369130411743,0.025264561178710787,-0.021799856011519014,-0.02807198926947252,0.04050051314798375,0.0021592512969970112,0.012643689793198742,-0.044499703326528084,-0.009123141145029656,-0.006278211691807201,-0.03580184080763915,0.07500641167518907,0.027941994484959265,0.02166986122700576
2011-09-30,20110930,-0.08106444802792012,-0.14183551317024978,-0.05491484820098591,-0.1179405980620466,-0.10020386590154029,-0.1378080006716199,-0.12862452645874523,-0.09765886841168825,-0.12289120503696449,-0.14388910150730105,-0.12771735310243348,-0.06077106514232966,0.02614959982693421,-0.036876150034126476,-0.019139417873620168,-0.05674355264369979,-0.0475600784308251,-0.016594420383768127,-0.04182675700904437,-0.06282465347938093,-0.04665290507451336
2011-10-31,20111031,0.04621442680207877,0.04439454674624943,-0.02207670517632654,0.025642127375155255,0.007925718936971915,0.0026418285245732864,0.015975117916467108,0.003136521212788068,0.05161585140967606,0.05819216567874386,0.03713552788857988,-0.001819880055829337,-0.0682911319784053,-0.020572299426923513,-0.03828870786510685,-0.04357259827750548,-0.03023930888561166,-0.0430779055892907,0.005401424607597294,0.01197773887666509,-0.00907889891349889
2011-11-30,20111130,-0.0546281778588068,0.004657398212512431,-0.07406874066525249,-0.04881046031531755,-0.10289434576463086,-0.07201034524177663,-0.027794411513385797,-0.10231760833790449,0.031372374586631446,-0.0839341785109331,0.007637719820776434,0.059285576071319235,-0.019440562806445683,0.005817717543489254,-0.04826616790582405,-0.017382167382969826,0.026833766345421006,-0.04768943047909768,0.08600055244543825,-0.029306000652126296,0.06226589767958324
2011-12-30,20111230,-0.05742530043961347,-0.15976237780347746,-0.10713224694390677,-0.17221855195869729,-0.0870868502011517,-0.1740252372533143,-0.15987985826597273,-0.06194208079357555,-0.14314813432526352,-0.05508651194139713,-0.13984511346608097,-0.10233707736386399,-0.0497069465042933,-0.11479325151908382,-0.02966154976153823,-0.11659993681370084,-0.10245455782635926,-0.00451678035396208,-0.08572283388565005,0.0023387884982163376,-0.0824198130264675
2012-01-31,20120131,0.04237168304146066,-0.024804131473072366,0.08654155352293835,0.030723664374855852,0.05603814151600317,0.15421624883720164,-0.02243932978565666,0.04364512819399269,-0.03195525837937452,0.03180271709800797,-0.05978765938246122,-0.06717581451453303,0.04416987048147769,-0.011648018666604809,0.013666458474542509,0.11184456579574098,-0.06481101282711732,0.0012734451525320267,-0.07432694142083518,-0.01056896594345269,-0.10215934242392188
2012-02-29,20120229,0.05926738520725294,0.11294671130009948,0.07668498567500137,0.11093776885575002,0.07856915953524646,0.0950614716213718,0.14860537625347603,0.13847898342288567,0.12116370268308319,0.12281236355697867,0.10599314143330707,0.053679326092846535,0.01741760046774843,0.051670383648497076,0.019301774327993515,0.03579408641411885,0.08933799104622309,0.07921159821563273,0.06189631747583024,0.06354497834972572,0.04672575622605413
2012-03-30,20120330,-0.0682313720435811,-0.08808753475214204,-0.09829271924164962,-0.07795365838547796,-0.08410013833727525,-0.07969209990397919,-0.0880672022302923,-0.05511339754015976,-0.03441196615345088,-0.039603037974683564,-0.06791515921297264,-0.019856162708560943,-0.030061347198068522,-0.009722286341896869,-0.01586876629369416,-0.01146072786039809,-0.0198358301867112,0.013117974503421337,0.033819405890130216,0.028628334068897532,0.0003162128306084533
2012-04-27,20120427,0.05901038895380384,0.06106366667260965,0.09076148278614071,0.04208451619044418,0.05687864200658721,0.07225531280634279,0.04862390487606705,0.04597873441224665,0.08243573994883202,0.1290985162253584,0.03288023455492195,0.0020532777188058127,0.031751093832336874,-0.01692587276335966,-0.0021317469472166284,0.013244923852538948,-0.01038648407773679,-0.013031654541557192,0.023425350995028182,0.07008812727155456,-0.02613015439888189
2012-05-31,20120531,-0.01004959279160178,-0.007298002710846685,-0.01095185878836702,0.011541623457221206,-0.00139223116569398,0.047545725268791195,0.0430166097663891,0.030829041891254683,0.01745787413265254,0.030294314306312353,0.05640192941401212,0.0027515900807550953,-0.0009022659967652391,0.021591216248822986,0.0086573616259078,0.057595318060392975,0.05306620255799088,0.04087863468285646,0.02750746692425432,0.04034390709791413,0.0664515222056139
2012-06-29,20120629,-0.06188386137286617,-0.058045915402366366,-0.15082258659529202,-0.0855532596397478,-0.13278797503416173,-0.0953356742576581,-0.05711574673414155,-0.08303025682650866,-0.0033343844135979017,-0.058930377750464946,0.04992653707052441,0.003837945970499801,-0.08893872522242585,-0.023669398266881636,-0.07090411366129556,-0.03345181288479193,0.004768114638724619,-0.021146395453642497,0.058549476959268265,0.0029534836224012206,0.11181039844339058
2012-07-31,20120731,-0.05472962316063723,-0.04208420434738336,-0.03909869647903752,-0.07844276245853932,-0.06364052552009025,-0.08373271200449073,-0.1144109777122484,-0.07224808779514469,-0.03128113304073887,-0.07280698712836575,-0.05376624774617189,0.012645418813253873,0.01563092668159971,-0.023713139297902086,-0.008910902359453021,-0.029003088843853497,-0.059681354551611165,-0.017518464634507458,0.023448490119898358,-0.01807736396772852,0.0009633754144653395
2012-08-31,20120831,-0.02667384155228525,-0.015576051274034719,-0.05391372937563588,0.01738450774360678,-0.012103674309396961,-0.025863157084584087,0.0823900423710151,-0.02338392118205823,-0.06352451896684708,-0.07621382419545841,0.017428351217680937,0.01109779027825053,-0.027239887823350628,0.04405834929589203,0.014570167242888288,0.0008106844677011615,0.10906388392330035,0.0032899203702270174,-0.03685067741456183,-0.049539982643173164,0.044102192769966186
2012-09-28,20120928,0.018875010866794106,0.00789537202891366,0.06037436580480526,0.02518509339859376,-0.0005639703512729799,0.09702803832831908,-0.0020020508813907156,0.03250443953861182,0.045107398125286524,0.0326866765921654,0.016660190809500763,-0.010979638837880445,0.04149935493801116,0.0063100825317996545,-0.019438981218067086,0.07815302746152497,-0.020877061748184822,0.013629428671817712,0.026232387258492418,0.013811665725371292,-0.002214820057293343
2012-10-31,20121031,-0.0082874397999394,-0.03402509500431694,-0.03926753027586283,0.001825104248504239,0.024379570449703403,-0.08906852266900211,-0.006996770721205525,0.031078629717338657,0.003436371220390866,0.023829435079925076,0.02420408084707404,-0.02573765520437754,-0.030980090475923427,0.010112544048443639,0.0326670102496428,-0.08078108286906271,0.0012906690787338748,0.03936606951727806,0.011723811020330266,0.03211687487986448,0.03249152064701344
2012-11-30,20121130,-0.04290389002745454,-0.10122131029893389,-0.09368411334812099,-0.1175530246362474,-0.04351223131576576,-0.0765698527551485,-0.14104459226410448,-0.024884147763570175,-0.15332351000581979,-0.015872475655255402,-0.11323697590885418,-0.05831742027147935,-0.05078022332066645,-0.07464913460879286,-0.0006083412883112205,-0.033665962727693954,-0.09814070223664995,0.018019742263884364,-0.11041961997836525,0.027031414372199136,-0.07033308588139964
2012-12-31,20121231,0.14595652681129456,0.17174422740503603,0.17732273232829332,0.15952421642683823,0.1008797447153611,0.16720092056055558,0.15198623261150157,0.10957436852011693,0.07119905399420023,0.21346128906756578,0.09888865679142422,0.02578770059374147,0.03136620551699876,0.013567689615543665,-0.045076782095933465,0.021244393749261015,0.006029705800207008,-0.036382158291177635,-0.07475747281709433,0.06750476225627122,-0.04706787001987034
2013-01-31,20130131,0.05125052443053013,0.06554208508081238,0.04395457925480417,0.08442940437799562,0.024603771973373156,0.03170020362774273,0.053580320685190586,0.09081537019681352,-0.04040778354004004,0.020579957963734907,0.1159135614045721,0.014291560650282253,-0.00729594517572596,0.03317887994746549,-0.026646752457156975,-0.019550320802787402,0.0023297962546604545,0.039564845766283385,-0.09165830797057017,-0.030670566466795224,0.06466303697404197
2013-02-28,20130228,-0.008312575301141711,0.02182520072324312,-0.03796229305868848,0.038033728022963675,-0.018245475101334896,-0.03392848001547111,0.06591675331631852,0.003251997594294842,0.028863527809676714,-0.004991500486932976,0.06350401544458739,0.030137776024384832,-0.029649717757546767,0.04634630332410539,-0.009932899800193185,-0.025615904714329396,0.07422932861746023,0.011564572895436553,0.037176103110818426,0.0033210748142087354,0.0718165907457291
2013-03-29,20130329,-0.05451994489330991,-0.07807370403454772,-0.09115589238524313,-0.006289999895254028,-0.05771720902587618,-0.08732910989955611,0.03416447426764013,-0.0026419796434826726,-0.030193241486667466,-0.09092918258453586,0.03238746100133705,-0.023553759141237807,-0.03663594749193322,0.048229944998055885,-0.0031972641325662687,-0.0328091650062462,0.08868441916095005,0.05187796524982724,0.024326703406642447,-0.03640923769122595,0.08690740589464696
2013-04-26,20130426,-0.02624897110417912,-0.03760298700897946,-0.06101028836103539,-0.05098636533728251,-0.03577945483216938,-0.05965609446919129,-0.021566539706586507,0.04223338485316863,-0.03613608679179192,0.005927366605309237,-0.033655921715354586,-0.01135401590480034,-0.03476131725685627,-0.024737394233103394,-0.009530483727990258,-0.03340712336501217,0.004682431397592612,0.06848235595734775,-0.009887115687612802,0.032176337709488356,-0.007406950611175467
2013-05-31,20130531,0.05633055881045701,0.1281053212091674,0.024622881136281194,0.08965750876082246,0.026932310010688854,0.05494079552158926,0.21364874635738862,0.03722240759277784,0.07778613725796846,0.11680150993773797,0.12517916643398297,0.07177476239871039,-0.031707677674175816,0.03332694995036545,-0.029398248799768156,-0.0013897632888677514,0.1573181875469316,-0.01910815121767917,0.021455578447511447,0.06047095112728096,0.06884860762352596
2013-06-28,20130628,-0.1396982085069297,-0.17211330214473708,-0.21243815802787358,-0.15543787938248887,-0.1797370007621517,-0.22225076329300364,-0.11060695415648658,-0.12768027705297602,-0.08379396418354124,-0.15846386369881826,-0.10813001741230777,-0.03241509363780737,-0.07273994952094387,-0.015739670875559164,-0.040038792255222,-0.08255255478607393,0.02909125435044313,0.01201793145395369,0.055904244323388474,-0.018765655191888553,0.031568191094621945
2013-07-31,20130731,0.00737315873132971,0.01895070756174433,-0.01038637869710446,0.016571218219891604,-0.0023922283780691833,0.03195287546614489,0.062208208722952296,0.0598422902514979,0.00383088463472836,0.023160318056394402,0.09488079614540967,0.011577548830414619,-0.01775953742843417,0.009198059488561894,-0.009765387109398893,0.024579716734815182,0.054835049991622586,0.05246913152016819,-0.00354227409660135,0.015787159325064692,0.08750763741407996
2013-08-30,20130830,0.05245413404259902,0.0789819475610003,0.06631704817218997,0.057956130717402354,0.06230538256227747,0.09576687638501213,0.04628379239177516,0.028807326838153235,0.02156083105032569,0.06903320008617175,-0.0005103791206231278,0.026527813518401278,0.013862914129590953,0.005501996674803333,0.009851248519678446,0.04331274234241311,-0.006170341650823863,-0.023646807204445786,-0.03089330299227333,0.016579066043572732,-0.05296451316322215
2013-09-30,20130930,0.03635324740681156,0.10914177939321257,0.011537561957124076,0.017136316197017054,0.012235337224214327,-0.008758568164508818,0.03706454637329992,0.04874443618629276,0.04173779838800562,-0.005713411402939128,0.07914068442675926,0.072788531986401,-0.024815685449687486,-0.019216931209794508,-0.024117910182597235,-0.04511181557132038,0.0007112989664883607,0.0123911887794812,0.005384550981194058,-0.04206665880975069,0.042787437019947694
2013-10-31,20131031,-0.015198202941602457,0.020732215452876623,-0.017107363673221077,-0.019081821792665155,-0.01354827867051056,-0.06729352614048767,-0.06122976130373026,0.1048182889540068,-0.05069947932213703,-0.021757651960140345,-0.07188577442333521,0.03593041839447908,-0.0019091607316186199,-0.003883618851062698,0.001649924271091896,-0.05209532319888521,-0.0460315583621278,0.12001649189560926,-0.035501276380534574,-0.006559449018537888,-0.05668757148173276
2013-11-29,20131129,0.03683670353294288,0.07533649602824366,0.040262833093251515,0.06143532812561503,0.04409278553174767,0.035214562497250634,0.10916003802091168,0.04756121731923102,0.03383349161126925,-0.001189389114403805,0.03841157953526153,0.03849979249530078,0.003426129560308633,0.024598624592672147,0.0072560819988047864,-0.0016221410356922483,0.0723233344879688,0.010724513786288137,-0.003003211921673632,-0.03802609264734669,0.001574876002318648
2013-12-31,20131231,-0.04707309691853734,-0.028763138860247173,-0.08835055219095123,-0.042545976676539254,-0.027325388009213136,-0.07363069922317123,-0.030016688466916297,0.02282820707756983,-0.0304501900457661,-0.05045942042346585,0.009831864122252565,0.018309958058290166,-0.04127745527241389,0.004527120241998084,0.019747708909324202,-0.026557602304633887,0.01705640845162104,0.06990130399610717,0.016622906872771237,-0.0033863235049285123,0.0569049610407899
2014-01-30,20140130,-0.039175738122041004,-0.08076902762372573,-0.07688805069915217,-0.04066804274322522,-0.07771074620124518,-0.03651193434857303,0.05570086722001344,-0.02394990061514346,-0.06896297621930025,-0.044042687465613684,0.022022316862324143,-0.04159328950168473,-0.03771231257711116,-0.001492304621184215,-0.03853500807920418,0.0026638037734679765,0.09487660534205444,0.015225837506897544,-0.02978723809725925,-0.00486694934357268,0.06119805498436515
2014-02-28,20140228,0.011420586370551655,0.0066307358163160135,-0.02492840262388729,0.04033849029176628,0.02737493091555243,0.04586334048888596,0.024021758879461785,-0.02941338626088874,0.021152845932927766,-0.03234802479845966,0.01949881068703796,-0.004789850554235642,-0.03634898899443895,0.028917903921214627,0.015954344545000776,0.03444275411833431,0.01260117250891013,-0.040833972631440396,0.009732259562376111,-0.04376861116901132,0.008078224316486304
2014-03-31,20140331,-0.011183182236850442,-0.048506781131558485,-0.031054868886992937,-0.00825612278279586,-0.00824628542634176,-0.040028470575577346,-0.06643367923006627,-0.02563265074270782,-0.008136166744913353,0.09720065949156154,-0.04395389497611668,-0.03732359889470804,-0.019871686650142495,0.0029270594540545813,0.0029368968105086823,-0.028845288338726904,-0.055250496993215825,-0.014449468505857377,0.0030470154919370884,0.10838384172841198,-0.03277071273926624
2014-04-30,20140430,-0.0034170951150491735,-0.01944281137893389,-0.01249512974362954,-0.03753731927407711,-0.032868040345227834,-0.012315716872144167,0.01159911077323561,-3.279261947453094e-05,0.011272857174752904,-0.017601549701658503,-0.03076723670033943,-0.016025716263884715,-0.009078034628580367,-0.034120224159027934,-0.02945094523017866,-0.008898621757094993,0.015016205888284784,0.0033843024955746426,0.014689952289802077,-0.01418445458660933,-0.027350141585290255
2014-05-30,20140530,0.006343400327089244,0.026258312787162064,0.024963208168772955,0.005379092408857478,0.018856136763787168,0.02988351234926201,0.040951220623064444,0.008533648152803996,-0.03257392275781068,0.007473495867668101,0.018322955409753705,0.01991491246007282,0.01861980784168371,-0.000964307918231766,0.012512736436697924,0.023540112022172766,0.0346078202959752,0.002190247825714753,-0.038917323084899924,0.001130095540578857,0.011979555082664461
2014-06-30,20140630,0.0044698638493694265,0.015076455333989047,0.005928093001770662,0.03217698787801759,0.02247895646357123,0.046018561681569814,0.04269830070935954,0.008685441768881974,-0.00018028914727796774,-0.00657235021927971,0.028256957539668726,0.01060659148461962,0.0014582291524012359,0.027707124028648167,0.018009092614201805,0.04154869783220039,0.03822843685999011,0.004215577919512548,-0.004650152996647394,-0.011042214068649137,0.0237870936902993
2014-07-31,20140731,0.07480983260973462,0.09999765084510837,0.11579289759681632,0.0774673510856847,0.10227752865651696,0.1600581779288497,0.01552599555201195,0.0693222154167965,0.09983428667947924,0.12997352856523192,0.0362468071519797,0.02518781823537375,0.04098306498708171,0.0026575184759500825,0.02746769604678234,0.08524834531911507,-0.059283837057722666,-0.00548761719293811,0.02502445406974463,0.055163695955497305,-0.03856302545775492
2014-08-29,20140829,0.0071031385897830646,0.04261589633797991,0.005569674084896503,0.04413919223615714,0.05923484970262005,0.004679816718819785,0.09069356638155446,0.0023715176708214436,0.009233278820531376,0.002618899846812406,0.026276565424700138,0.035512757748196844,-0.0015334645048865614,0.03703605364637408,0.05213171111283699,-0.0024233218709632798,0.0835904277917714,-0.004731620918961621,0.002130140230748312,-0.004484238742970659,0.019173426834917073
2014-09-30,20140930,0.06615100126285411,0.13252561666914175,0.07486621896774581,0.10348396341888177,0.11259754738015615,0.0670893644238657,0.07121851425648895,0.036247163752167744,0.028700803836370303,0.07700922808285582,0.0973788253219472,0.06637461540628764,0.008715217704891698,0.03733296215602766,0.046446546117302034,0.0009383631610115906,0.005067512993634837,-0.02990383751068637,-0.03745019742648381,0.010858226820001704,0.03122782405909308
2014-10-31,20141031,0.023821106913662682,-0.007935323720513865,-0.008506952156723369,0.009036144578313143,0.06163636172869302,-0.00986070572292308,-0.008567412004986674,0.027446162180988054,-0.03470664667666168,0.02727620060133895,0.029218997135895375,-0.03175643063417655,-0.03232805907038605,-0.014784962335349539,0.03781525481503034,-0.03368181263658576,-0.032388518918649356,0.003625055267325372,-0.05852775359032436,0.0034550936876762695,0.005397890222232693
2014-11-28,20141128,0.1085291176689338,0.061219280974257995,0.04808095419444225,0.04068281347752256,0.10586212178863152,0.057535968205192356,0.009189897800845559,0.04707964935077169,0.030615794966948995,0.1429763425559094,-0.0004984108999140924,-0.04730983669467581,-0.060448163474491556,-0.06784630419141124,-0.002666995880302281,-0.05099314946374145,-0.09933921986808825,-0.061449468318162115,-0.07791332270198481,0.0344472248869756,-0.1090275285688479
2014-12-31,20141231,0.20569247513828626,-0.05458684074901221,0.11515525333056487,-0.011546521014754285,0.23506412261495147,0.03250403656081913,-0.09873237631942877,0.08093306835247249,0.10735986754328164,0.15603513160203053,-0.044078169853377536,-0.26027931588729847,-0.09053722180772139,-0.21723899615304054,0.029371647476665208,-0.17318843857746713,-0.30442485145771503,-0.12475940678581376,-0.09833260759500462,-0.04965734353625573,-0.2497706449916638
2015-01-30,20150130,-0.007517590611745173,0.10725480397946674,-0.021143999342843833,0.07531875149329914,-0.00374464082201198,0.04372598942404737,0.09989067716427358,0.10330579658300265,-0.006461598760302167,0.0029004378804529107,0.0750154322329355,0.11477239459121191,-0.01362640873109866,0.08283634210504431,0.003772949789733193,0.051243580035792546,0.10740826777601875,0.11082338719474782,0.0010559918514430056,0.010418028492198084,0.08253302284468067
2015-02-27,20150227,0.031130436028573794,0.024173299417411975,0.02220773844156998,0.05970517062371483,0.05854517722254515,0.039108306365239986,0.07363644872726294,0.06448718399847175,0.032706226565681895,0.02824690538482577,0.05770450119371895,-0.006957136611161818,-0.008922697587003814,0.028574734595141038,0.02741474119397136,0.007977870336666193,0.042506012698689144,0.03335674796989796,0.0015757905371081016,-0.0028835306437480224,0.026574065165145155
2015-03-31,20150331,0.13219212863595864,0.21021343417510563,0.15085365887030777,0.17430007014547555,0.18172368010264828,0.16315315715778,0.20386499501826627,0.14123097192806,0.11563377068488934,0.1940292130884509,0.19163617067154393,0.07802130553914699,0.018661530234349133,0.04210794150951691,0.04953155146668964,0.030961028521821365,0.07167286638230763,0.009038843292101362,-0.016558357951069302,0.06183708445249225,0.05944404203558529
2015-04-30,20150430,0.18510530833408256,0.12296926926794383,0.17034000470808675,0.16618673973243125,0.1993816228770504,0.15533475051950218,0.12131923155175928,0.18626288707785332,0.16561726222746387,0.16509960919640765,0.1699883473814976,-0.06213603906613874,-0.014765303625995818,-0.01891856860165131,0.01427631454296785,-0.02977055781458038,-0.06378607678232329,0.0011575787437707596,-0.019488046106618695,-0.020005699137674915,-0.015116960952584968
2015-05-29,20150529,0.03829405930897378,0.24522634691002132,0.032834880838700675,0.19914872057546273,0.035650054341643145,0.09273646693018867,0.30122582787974217,0.12535579740477187,0.11139096246350189,0.0862772596831376,0.19881581646252044,0.20693228760104754,-0.005459178470273107,0.16085466126648895,-0.0026440049673306376,0.05444240762121488,0.2629317685707684,0.08706173809579809,0.0730969031545281,0.047983200374163815,0.16052175715354666
2015-06-30,20150630,-0.07253698383951923,-0.07409344944881435,0.01811543598812637,-0.09019344744093616,0.030895981115097282,-0.12204078621010617,-0.11409137425345717,-0.04352374487395272,-0.030264874244081752,-0.04013720941555643,-0.11868538071623325,-0.0015564656092951212,0.0906524198276456,-0.017656463601416927,0.10343296495461651,-0.049503802370586936,-0.041554390413937936,0.029013238965566512,0.04227210959543748,0.0323997744239628,-0.046148396876714015
2015-07-31,20150731,-0.1434332845010149,-0.08400059311981023,-0.2212767601823944,-0.16542276180051085,-0.17454894190090553,-0.20847313357252917,-0.15543841021440963,-0.18550403385881253,-0.13680889859114054,-0.15582619907843742,-0.11877507204969973,0.05943269138120466,-0.0778434756813795,-0.021989477299495963,-0.03111565739989064,-0.06503984907151428,-0.012005125713394738,-0.04207074935779764,0.006624385909874353,-0.012392914577422531,0.024658212451315165
2015-08-31,20150831,-0.12493838240086741,-0.14261153518748515,-0.1373450510624361,-0.13639782316252902,-0.12101020366123294,-0.13185520756196356,-0.16088610073978615,-0.1402578645504876,-0.100075138948581,-0.12098545274808348,-0.12701088691673235,-0.01767315278661774,-0.012406668661568698,-0.01145944076166161,0.003928178739634469,-0.006916825161096152,-0.035947718338918744,-0.0153194821496202,0.02486324345228641,0.003952929652783932,-0.002072504515864937
2015-09-30,20150930,-0.04778717062395155,-0.07081751834321848,-0.08698778477972624,-0.06424113259247988,-0.16639221065722576,-0.0761007275464125,-0.06355474411338435,-0.1066146185244492,-0.047302829073046504,-0.06632810570511238,-0.0295327445857535,-0.02303034771926693,-0.03920061415577469,-0.01645396196852833,-0.11860504003327421,-0.02831355692246096,-0.015767573489432807,-0.058827447900497654,0.00048434155090504305,-0.018540935081160836,0.018254426038198046
2015-10-30,20151030,0.10802609161941201,0.1530708407633048,0.09839747729470738,0.1732325467896989,0.07134797977336893,0.15621849680767652,0.18219824571276977,0.13820129555620597,0.09303003642018237,0.16289922982270078,0.14693015390947894,0.04504474914389278,-0.009628614324704632,0.06520645517028689,-0.03667811184604308,0.04819240518826451,0.07417215409335776,0.03017520393679396,-0.014996055199229641,0.05487313820328876,0.03890406229006693
2015-11-30,20151130,0.01857882237748254,0.06686597637450786,0.017334342878120523,0.09377640192189873,-0.03323175105226883,0.07804495694830571,0.1414144161911821,0.05552888061586492,0.009169345869036727,0.05579204763780976,0.027442303145668312,0.04828715399702532,-0.0012444794993620167,0.0751975795444162,-0.05181057342975137,0.05946613457082317,0.12283559381369957,0.03695005823838238,-0.009409476508445813,0.03721322526032722,0.008863480768185772
2015-12-31,20151231,0.02721799033785577,0.04547991707105914,0.025127143968696197,0.05196482217983389,0.01827637498054746,0.042745260360218085,0.04504370311671457,0.1096283488807781,0.07830404357833265,0.1384141286094338,0.06332050614867035,0.01826192673320337,-0.0020908463691595713,0.024746831841978123,-0.008941615357308308,0.015527270022362316,0.017825712778858804,0.08241035854292234,0.05108605324047688,0.11119613827157804,0.036102515810814584
2016-01-29,20160129,-0.22648792856654443,-0.24531970995385632,-0.1665763731715567,-0.27719503274787916,-0.2232059652477405,-0.2739096257955338,-0.2859934890562552,-0.21611812706430933,-0.20036970458038028,-0.2523211920082188,-0.25730391819576115,-0.018831781387311897,0.059911555394987714,-0.05070710418133473,0.0032819633188039266,-0.04742169722898937,-0.059505560489710785,0.010369801502235099,0.026118223986164146,-0.02583326344167436,-0.030815989629216722
2016-02-29,20160229,-0.018125730566920017,0.022422728878914056,0.023289348208422878,-0.010884067293476574,-0.008460334432797034,0.06211906609915774,-0.026866377183302315,-0.03750520492534648,-0.01115130206685322,-0.00020859591445820946,-0.029130768912376648,0.04054845944583407,0.041415078775342895,0.007241663273443444,0.009665396134122983,0.08024479666607776,-0.008740646616382297,-0.019379474358426463,0.006974428500066798,0.017917134652461808,-0.01100503834545663
2016-03-31,20160331,0.11753663254065616,0.14558400937634608,0.04445447656514512,0.16220178595228574,0.06977924618848985,0.15019386735747786,0.17846475752851387,0.12551631078561631,0.1632084758760599,0.09510612807703622,0.12894239471043467,0.02804737683568992,-0.07308215597551104,0.04466515341162958,-0.04775738635216631,0.0326572348168217,0.06092812498785771,0.007979678244960153,0.04567184333540375,-0.022430504463619938,0.01140576216977851
2016-04-29,20160429,-0.021835171767510042,-0.03754641685027971,0.028095004337745255,-0.003625876956287133,0.013125771025820132,0.0040481896495887515,-0.02128192898596626,0.005015169056040936,0.010871039084307865,-0.015790646983057544,-0.01719812954151967,-0.015711245082769665,0.0499301761052553,0.01820929481122291,0.034960942793330174,0.025883361417098794,0.0005532427815437835,0.026850340823550978,0.03270621085181791,0.0060445247844524985,0.004637042225990373
2016-05-31,20160531,-0.007387885066452826,-3.201834010513327e-05,-0.07123702331224235,-0.027426753101673973,-0.049451414995934084,0.01574334448572423,0.044862446020645486,0.0052906439378417325,0.013984224191628591,-0.027417399656889385,-0.004547125448227551,0.007355866726347693,-0.06384913824578953,-0.020038868035221147,-0.04206352992948126,0.023131229552177057,0.05225033108709831,0.012678529004294559,0.021372109258081418,-0.02002951459043656,0.002840759618225275
2016-06-30,20160630,0.004453791654438044,0.01600648071953903,0.010679677572677182,0.05236979773966843,-0.017096505450994837,0.04856496209606176,0.08911683200675435,0.040302090174143546,0.06860100538577796,0.007135448450751536,0.04134099387277623,0.011552689065100985,0.006225885918239138,0.04791600608523039,-0.02155029710543288,0.044111170441623715,0.08466304035231631,0.0358482985197055,0.06414721373133991,0.002681656796313492,0.03688720221833819
2016-07-29,20160729,0.016976002916432975,0.015517947748258765,0.029653019047801932,0.010107524747890784,0.008038460662125102,0.013490260857595082,-0.05240454495725433,0.04348403415856361,0.05465057045365951,-0.03693180601648638,0.04625416842860264,-0.0014580551681742104,0.012677016131368957,-0.006868478168542191,-0.008937542254307873,-0.003485742058837893,-0.0693805478736873,0.026508031242130636,0.03767456753722653,-0.053907808932919354,0.029278165512169663
2016-08-31,20160831,0.03562937953687051,0.033370159573477665,0.040195618469415884,0.04035952260113618,0.07817041802096658,0.011952461799660474,0.04342074880422242,-0.003834255042629464,-0.011893181287701782,0.12096682755262878,0.034898042972492105,-0.0022592199633928445,0.0045662389325453745,0.004730143064265668,0.04254103848409607,-0.023676917737210035,0.007791369267351911,-0.03946363457949997,-0.04752256082457229,0.08533744801575827,-0.0007313365643784042
2016-09-30,20160930,-0.026183190941085233,-0.033292591002051064,0.000943880903736094,-0.002958477454198749,-0.016939132330682116,-0.04751627407556547,-0.007119530338620339,0.043727553531228924,-0.033417717370822775,-0.003357714612107654,-0.01385555420980955,-0.0071094000609658314,0.027127071844821327,0.023224713486886484,0.009244058610403116,-0.021333083134480235,0.019063660602464894,0.06991074447231416,-0.007234526429737542,0.02282547632897758,0.012327636731275682
2016-10-31,20161031,0.031879689939405154,0.03277715819460014,0.06487836611917497,0.029394774472759844,0.04413527196420719,0.04964151241178727,0.028230184581976125,0.007983451242561168,0.06923937549795744,-0.003751101948383906,0.01795035360554853,0.0008974682551949886,0.032998676179769815,-0.00248491546664531,0.012255582024802036,0.017761822472382116,-0.003649505357429028,-0.023896238696843985,0.03735968555855229,-0.03563079188778906,-0.013929336333856623
2016-11-30,20161130,0.04823170000116117,0.026981338659415544,0.006030629545040522,0.0294968154233477,0.07307329387399975,0.032993410983841676,0.008760493857745022,0.09377469470625122,0.0197950604170134,0.044811179424489866,0.018062261925574363,-0.021250361341745627,-0.04220107045612065,-0.01873488457781347,0.024841593872838574,-0.015238289017319495,-0.03947120614341615,0.045542994705090045,-0.02843663958414777,-0.0034205205766713043,-0.030169438075586807
2016-12-30,20161230,-0.04504475953174647,-0.016981916806766972,-0.04540427914439393,-0.012939277140014527,-0.016071686879991387,-0.066127581707501,-0.05992828988568122,-0.0808431726527582,-0.029116880795036604,-0.06872720181697234,-0.0570202329858982,0.028062842724979498,-0.0003595196126474631,0.03210548239173194,0.028973072651755083,-0.021082822175754523,-0.014883530353934749,-0.03579841312101173,0.015927878736709866,-0.02368244228522587,-0.01197547345415173
2017-01-26,20170126,0.017891589770324234,-0.028293566610254173,0.014105755229838701,-0.016512864462939647,0.06075612435970834,0.02733206229038232,-0.01495261793269198,0.01927642142818975,0.0100692007355081,-0.011539274797328747,-0.019041609918873048,-0.04618515638057841,-0.003785834540485533,-0.03440445423326388,0.04286453458938411,0.009440472520058085,-0.032844207703016215,0.001384831657865515,-0.007822389034816135,-0.02943086456765298,-0.03693319968919728
2017-02-28,20170228,0.026135695306925832,0.020096403865966783,0.013975731661348245,0.03292053536909423,0.04814355532861625,0.04146787499492022,0.03282557888979132,0.061411125291127355,0.041553054322553296,0.024010483948012418,0.02465623766207603,-0.006039291440959049,-0.012159963645577587,0.006784840062168396,0.022007860021690417,0.015332179687994385,0.006689883582865486,0.03527542998420152,0.015417359015627463,-0.0021252113589134147,-0.001479457644849802
2017-03-31,20170331,-0.005928619044196393,-0.03141738957923779,-0.010854512639476899,-0.011026779746609816,-0.04596701231818512,-0.02025176178621313,0.032286226918348815,0.05177664231439327,0.04129302625270492,-0.01937901954938459,0.001944428141642307,-0.025488770535041394,-0.004925893595280506,-0.0050981607024134235,-0.040038393273988726,-0.014323142742016737,0.03821484596254521,0.057705261358589666,0.047221645296901316,-0.013450400505188198,0.0078730471858387
2017-04-28,20170428,-0.02105685188644646,-0.05693759116159269,-0.05446934987362406,-0.04985236826533457,-0.013768829558303275,-0.0485441791060629,-0.022187950848216453,0.0007760354679529069,-0.006911336589644046,-0.003348472815116188,-0.020799641411838987,-0.035880739275146234,-0.0334124979871776,-0.02879551637888811,0.007288022328143184,-0.027487327219616442,-0.001131098961769994,0.021832887354399366,0.014145515296802413,0.01770837907133027,0.00025721047460747215
2017-05-31,20170531,-0.011880844135877755,-0.08377566366002698,-0.029455938976324147,-0.0652491417082377,-0.03971966937258442,-0.07884624507803972,-0.04388832358178585,0.013152816076166474,0.008488941439673381,-0.028934289301389415,-0.027246907543616916,-0.07189481952414922,-0.017575094840446392,-0.053368297572359946,-0.027838825236706666,-0.06696540094216197,-0.032007479445908094,0.02503366021204423,0.020369785575551136,-0.01705344516551166,-0.015366063407739161
2017-06-30,20170630,0.024140103645027722,0.025457484062135327,0.03998511890805312,0.04923127912718206,0.031626581425352907,0.08158708711892859,0.06003432243130513,0.125333131981185,0.07559196659762568,0.03311735215048017,0.04344960535603515,0.0013173804171076053,0.015845015263025397,0.025091175482154338,0.007486477780325185,0.05744698347390087,0.03589421878627741,0.10119302833615729,0.05145186295259796,0.008977248505452451,0.019309501711007426
2017-07-31,20170731,0.02524756243447368,-0.01643357745531726,0.08065316134540157,0.055575790589956986,0.16226709523756178,0.20557391742759523,0.0010730118690172041,-0.03985592333804022,0.010731933466761712,-0.0029352203690642398,-0.04751850376096878,-0.04168113988979094,0.05540559891092789,0.030328228155483306,0.1370195328030881,0.18032635499312155,-0.024174550565456476,-0.0651034857725139,-0.014515628967711969,-0.02818278280353792,-0.07276606619544246
2017-08-31,20170831,0.02681981333493022,0.04667029887365981,0.0310051211580884,0.0022840740797287484,0.07085981890772897,0.049252580074068186,0.043278768675310664,-0.005304736462598547,0.03162012885672372,0.002219824903531009,0.026454478443104223,0.01985048553872959,0.00418530782315818,-0.024535739255201472,0.044040005572798746,0.022432766739137966,0.016458955340380443,-0.03212454979752877,0.004800315521793497,-0.02459998843139921,-0.0003653348918259969
2017-09-29,20170929,-0.0035309940163233966,-0.008512317684322923,-0.002260984526555765,0.023824539275453693,-0.04424194796547032,0.012922568659449407,0.051072458543619303,0.02974838971332594,0.06952311237630471,0.012101264774679654,0.02197367300270603,-0.0049813236679995265,0.0012700094897676317,0.02735553329177709,-0.04071095394914692,0.016453562675772804,0.0546034525599427,0.03327938372964934,0.0730541063926281,0.01563225879100305,0.025504667019029426
2017-10-31,20171031,0.013257615910452936,0.04164707900832121,-0.060852305454073385,-0.020267636354979746,-0.04056878522740115,-0.05606308025594109,0.06411894329786416,0.10437777264361148,0.09836103804979346,0.006606181586138016,0.05205401461538761,0.028389463097868273,-0.07410992136452632,-0.03352525226543268,-0.053826401137854085,-0.06932069616639402,0.050861327387411226,0.09112015673315854,0.08510342213934052,-0.00665143432431492,0.038796398704934676
2017-11-30,20171130,-0.02244218236770712,-0.04175094379401889,0.001534722742114747,-0.03284817854344224,0.09685428026573595,-0.055451212705794006,-0.06056967890093068,-0.02408204068337272,-0.03307481899226494,0.0001605149482084567,-0.042178880576458466,-0.01930876142631177,0.023976905109821867,-0.010405996175735122,0.11929646263344307,-0.03300903033808689,-0.03812749653322356,-0.0016398583156655988,-0.010632636624557823,0.022602697315915576,-0.019736698208751347
2017-12-29,20171229,-0.00301942488637974,0.008168092186683351,-0.01480908612614884,0.0010457655914857256,-0.07698753753798526,0.016515511488038648,-0.0064986676730595105,0.039319215054382184,0.10079309689683069,-0.0024499994921227675,0.02762479449056565,0.011187517073063091,-0.0117896612397691,0.004065190477865466,-0.07396811265160552,0.019534936374418388,-0.0034792427866797704,0.042338639940761924,0.10381252178321043,0.0005694253942569727,0.030644219376945392
2018-01-31,20180131,0.052510422802321655,0.0011457253532654033,0.056172594520771835,0.005574727067386043,0.06622381757029627,-0.013034407071961795,-0.07838188614956931,0.1034384906078265,0.05522968642263337,0.13619081172778547,-0.01306402859969713,-0.05136469744905625,0.00366217171845018,-0.04693569573493561,0.013713394767974618,-0.06554482987428345,-0.13089230895189097,0.05092806780550485,0.002719263620311718,0.08368038892546381,-0.06557445140201879
2018-02-28,20180228,-0.0636126467428918,-0.07272479564032697,-0.0783836430199627,-0.031662491381650115,0.0164662674844247,-0.028018700313545475,0.033189281008199734,-0.06775263913891627,-0.06890974007614259,-0.11427746928738136,-0.03314006958498694,-0.009112148897435168,-0.014770996277070902,0.03195015536124168,0.0800789142273165,0.035593946429346324,0.09680192775109153,-0.004139992396024472,-0.005297093333250791,-0.05066482254448956,0.030472577157904857
2018-03-30,20180330,-0.027769153171373406,-0.0026850518644765398,-0.07736931729604624,-0.008924314084307494,-0.12992410014249856,-0.018490116311229432,0.010115357996633323,-0.043045132258685226,-0.05434560002259836,-0.018063085213808394,0.11041554740604065,0.025084101306896867,-0.04960016412467283,0.018844839087065912,-0.10215494697112515,0.009279036860143974,0.03788451116800673,-0.01527597908731182,-0.026576446851224955,0.009706067957565012,0.13818470057741405
2018-04-27,20180427,-0.027348632663036998,-0.03267567040001185,-0.04715206223253354,-0.034832161967114916,-0.0007640649626533547,-0.05535489225661672,-0.07905035454627052,-0.056001709932938515,-0.013499990665198025,-0.05763028330836251,0.001103210998452786,-0.005327037736974849,-0.019803429569496545,-0.007483529304077918,0.026584567700383643,-0.02800625959357972,-0.05170172188323352,-0.028653077269901517,0.013848641997838973,-0.03028165064532551,0.028451843661489784
2018-05-31,20180531,0.0042962372722106235,0.059928801233604334,-0.013661258090697626,0.01393721181665386,-0.07407839197358357,-0.031792777474963674,-0.028764591028852315,0.04847359059992784,0.17193730495326465,-0.05119328532345435,0.06605200857314952,0.05563256396139371,-0.01795749536290825,0.009640974544443237,-0.07837462924579419,-0.0360890147471743,-0.03306082830106294,0.04417735332771722,0.16764106768105402,-0.055489522595664975,0.0617557713009389
2018-06-29,20180629,-0.08013506170622009,-0.13342672917003429,-0.049742075565636035,-0.07998246086081284,-0.025289501653501634,-0.10322961917325546,-0.08171463932698897,-0.03971130417486557,-0.06770038942237422,-0.08156816285512769,-0.0881878209831255,-0.053291667463814196,0.030392986140584055,0.00015260084540724694,0.054845560052718456,-0.02309455746703537,-0.0015795776207688794,0.04042375753135452,0.012434672283845871,-0.0014331011489076007,-0.008052759276905408
2018-07-31,20180731,0.010178695224936973,0.00683548816328905,-0.02401353490148994,0.02141080216490998,0.09654108600173239,-0.00895115902830279,-0.0051106270444329915,-0.07000698324022347,-0.01998607375023176,-0.022423325277499573,-0.06103694594295983,-0.0033432070616479237,-0.034192230126426915,0.011232106939973008,0.08636239077679542,-0.019129854253239764,-0.015289322269369965,-0.08018567846516045,-0.030164768975168732,-0.032602020502436546,-0.0712156411678968
2018-08-31,20180831,-0.052548653682153446,-0.08780106220923056,-0.0250107178139386,-0.06728338983290494,-0.0686834318501528,-0.10485131540798454,-0.07735342684431556,-0.12145036637787032,-0.10836734928334535,-0.04958232144049046,-0.08071348541667733,-0.03525240852707712,0.027537935868214847,-0.014734736150751493,-0.016134778167999353,-0.05230266172583109,-0.02480477316216212,-0.06890171269571688,-0.0558186956011919,0.0029663322416629834,-0.028164831734523887
2018-09-28,20180928,0.03526281992477753,0.027233666119044653,0.07564924140462503,-0.008459063363387309,0.00015253486909916347,0.0014786389480541118,-0.06794552294480871,0.00987606927372675,0.08383162314126258,-0.0016989897898547213,-0.00911170288252039,-0.00802915380573288,0.0403864214798475,-0.04372188328816484,-0.03511028505567837,-0.03378418097672342,-0.10320834286958624,-0.025386750651050782,0.048568803216485046,-0.036961809714632254,-0.04437452280729792
2018-10-31,20181031,-0.07746894217307321,-0.050685858399458716,-0.06399451160773639,-0.1218949114579152,-0.04936912272348537,-0.09939008313852316,-0.11942573464921624,-0.10012766766242664,-0.21849363485144013,-0.048320981842090216,-0.1258163120597251,0.02678308377361449,0.013474430565336815,-0.04442596928484199,0.028099819449587837,-0.021921140965449948,-0.041956792476143034,-0.022658725489353437,-0.14102469267836693,0.02914796033098299,-0.04834736988665189
2018-11-30,20181130,-0.005607459400188142,0.05914506021419785,-0.05766411715112518,-0.003134032106417939,-0.11786664579746431,-0.0007221146640019604,0.03349707964259485,0.022347003230003937,0.0531884395444433,0.049694085269466504,0.05302999882748072,0.064752519614386,-0.05205665775093704,0.002473427293770203,-0.11225918639727617,0.004885344736186181,0.03910453904278299,0.02795446263019208,0.05879589894463144,0.055301544669654645,0.05863745822766886
2018-12-28,20181228,-0.036431665705891514,-0.006109045144882308,-0.0706634318553685,-0.04968648478708915,-0.0337165872656785,-0.045100329287871,-0.06308712900931912,-0.03414725418654685,-0.00021887478362503376,-0.05291824999796868,-0.10908211779312904,0.030322620561009206,-0.03423176614947698,-0.013254819081197633,0.0027150784402130146,-0.008668663581979485,-0.026655463303427607,0.0022844115193446646,0.03621279092226648,-0.016486584292077167,-0.07265045208723753
2019-01-31,20190131,0.03635917456060711,0.03523959849280933,0.04072853425845624,0.0042042483585051915,0.03803761528115057,-0.02051451969843865,0.017566548657542036,0.1306240313831848,0.09718056455385882,0.03891635899826418,-0.025386411729658942,-0.0011195760677977784,0.004369359697849129,-0.03215492620210192,0.0016784407205434615,-0.05687369425904576,-0.018792625903065074,0.09426485682257768,0.06082138999325171,0.0025571844376570674,-0.06174558629026605
2019-02-28,20190228,0.13788820740919583,0.21977167902555883,0.1367837261242042,0.1793120172773528,0.15019259429602472,0.2270992207011182,0.2877051794783718,0.10322283560272227,0.12600095208191964,0.13690504045078056,0.21497934174653577,0.081883471616363,-0.001104481284991632,0.04142380986815697,0.012304386886828889,0.08921101329192238,0.149816972069176,-0.034665371806473555,-0.011887255327276192,-0.0009831669584152714,0.07709113433733994
2019-03-29,20190329,0.05093721289078301,0.17539736425201502,0.028795648396922502,0.09610422866365864,0.013130322779091541,0.0300724243084296,0.07653144827849023,0.07761313796578961,0.1621849903572148,0.11857409882425873,0.11026481831693768,0.12446015136123201,-0.02214156449386051,0.04516701577287563,-0.03780689011169147,-0.02086478858235341,0.02559423538770722,0.0266759250750066,0.11124777746643177,0.06763688593347572,0.05932760542615467
2019-04-30,20190430,-0.004018108179288049,0.05821731145210007,0.02256346308007484,-0.013960518351497808,-0.053533206831119506,-0.0637910526663582,-0.055472959100595465,0.05268949738098838,0.06350158473392353,-0.03965245925768801,-0.019073899477541567,0.06223541963138812,0.02658157125936289,-0.009942410172209759,-0.04951509865183146,-0.059772944487070157,-0.051454850921307416,0.05670760556027643,0.06751969291321158,-0.03563435107839996,-0.015055791298253518
2019-05-31,20190531,-0.05835712051206832,-0.018738470410068486,-0.05790082506410965,-0.08330850387877964,-0.06501760266886936,0.018838692373117416,-0.08278022838768195,-0.059554726485231524,-0.03304149746008178,-0.07576577185746158,-0.07635733165529612,0.03961865010199983,0.0004562954479586656,-0.02495138336671132,-0.00666048215680104,0.07719581288518573,-0.024423107875613637,-0.0011976059731632072,0.025315623051986536,-0.017408651345393267,-0.018000211143227807
2019-06-28,20190628,0.02766140361045122,-0.07109907884714683,-0.0018232922815193398,-0.003916040100250595,-0.005510787849677623,0.025321191169797697,0.043401337751645785,0.03784188721134063,0.09219897656208254,0.017151357744692675,0.028165532149756256,-0.09876048245759805,-0.029484695891970558,-0.031577443710701814,-0.03317219146012884,-0.002340212440653522,0.015739934141194567,0.010180483600889412,0.06453757295163132,-0.010510045865758544,0.0005041285393050376
2019-07-31,20190731,-0.015566934933219922,0.06402326666994251,-0.0358581236545793,-0.011939770404151506,-0.06608622905292938,-0.058297100347634134,0.05742067112832405,0.007305861346440956,-0.028847956117864393,-0.021575782568666657,-0.01034612911342847,0.07959020160316244,-0.020291188721359377,0.0036271645290684162,-0.05051929411970946,-0.04273016541441421,0.07298760606154397,0.02287279627966088,-0.01328102118464447,-0.006008847635446735,0.005220805819791452
2019-08-30,20190830,-0.01577797283279203,0.0082519634131204,-0.0519062789419682,-0.02963914962020997,-0.05716422941418209,0.021370786919944873,0.043762776642076284,-0.017530193709728303,0.08993278208922595,-0.06717407232245898,0.066454878174532,0.02402993624591243,-0.03612830610917617,-0.01386117678741794,-0.04138625658139006,0.037148759752736904,0.059540749474868315,-0.0017522208769362724,0.10571075492201798,-0.051396099489666947,0.08223285100732403
2019-09-30,20190930,0.006566335335594253,-0.08530524845271692,-0.006769026233016562,0.018271730483774506,-0.0033841196146707775,-0.0350506845754508,0.07625930932689018,0.0022028740714929995,-0.022492267448938508,0.012871838518845324,-0.001259627674722097,-0.09187158378831117,-0.013335361568610815,0.011705395148180253,-0.00995045495026503,-0.04161701991104505,0.06969297399129593,-0.004363461264101254,-0.02905860278453276,0.006305503183251071,-0.00782596301031635
2019-10-31,20191031,0.008215300278226367,0.1259784115697462,-0.020620954775099842,-0.009330326581564852,-0.023680822415945157,-0.04931148829912302,0.0017934026518622304,0.04803849207927646,0.016584859040020383,0.020117953399589217,0.046662352095528714,0.11776311129151984,-0.02883625505332621,-0.01754562685979122,-0.031896122694171525,-0.057526788577349386,-0.006421897626364137,0.039823191801050095,0.008369558761794016,0.01190265312136285,0.03844705181730235
2019-11-29,20191129,-0.01948580020320534,-0.09573178866850485,-0.008846238785944371,-0.002337274859458671,0.022845897150680194,0.00930789965387313,0.035991417608382203,-0.012677871849333111,-0.025714233303109513,-0.011888145667919958,-0.026464137330702853,-0.07624598846529951,0.010639561417260968,0.017148525343746668,0.04233169735388553,0.02879369985707847,0.05547721781158754,0.006807928353872228,-0.006228433099904174,0.007597654535285381,-0.006978337127497514
2019-12-31,20191231,0.06202791731560886,0.016831932721449228,0.05742729099577093,0.10150424954571013,0.04951333051206097,0.15246180867731107,0.10540476152661094,0.10758594375108554,0.04601040115873256,0.10439539233823147,0.040323661745623296,-0.04519598459415963,-0.0046006263198379305,0.039476332230101274,-0.012514586803547889,0.09043389136170221,0.043376844211002075,0.045558026435476684,-0.0160175161568763,0.042367475022622614,-0.021704255569985564
2020-01-23,20200123,-0.024128855089170176,-0.04006529427768202,-0.048889578015791746,-0.0014684613705886473,-0.06115903975994008,-0.008420096314315173,0.13541169776837791,-0.026310377096551818,-0.058685391683798604,-0.06589924772441891,0.0467287615020362,-0.01593643918851184,-0.02476072292662157,0.02266039371858153,-0.037030184670769906,0.015708758774855003,0.1595405528575481,-0.002181522007381642,-0.03455653659462843,-0.04177039263524873,0.07085761659120637
2020-02-28,20200228,-0.03232759779178951,0.08249505599012452,-0.06973025845528769,-0.0016021248064483906,-0.045123753970314984,-0.024439398617044916,0.054113043852389575,-0.031509381155310545,-0.02401867952580017,-0.019328336804299795,0.023406950921873282,0.11482265378191403,-0.03740266066349818,0.030725472985341118,-0.012796156178525475,0.007888199174744592,0.08644064164417908,0.0008182166364789634,0.00830891826598934,0.012999260987489714,0.05573454871366279
2020-03-31,20200331,-0.045136902215877295,0.11299457051695283,-0.06439748817668145,-0.08469639713343835,-0.018742619008517813,-0.1055370462938734,-0.2043763514334378,-0.10851756877374907,0.04261192478939657,-0.06235169587436684,0.011841404225729324,0.15813147273283013,-0.019260585960804155,-0.039559494917561056,0.02639428320735948,-0.0604001440779961,-0.1592394492175605,-0.06338066655787178,0.08774882700527387,-0.017214793658489547,0.05697830644160662
2020-04-30,20200430,0.03991788520217465,-0.00315738574733071,-0.00846236600453365,0.047293408027759165,0.02805182899204217,0.01970996188113916,0.11424079377389651,0.07653987238512605,0.08661923055240117,0.042294245129231633,0.05433009883551154,-0.04307527094950536,-0.0483802512067083,0.007375522825584513,-0.01186605621013248,-0.020207923321035492,0.07432290857172186,0.0366219871829514,0.04670134535022652,0.0023763599270569813,0.01441221363333689
2020-05-29,20200529,-0.0027030693525569305,-0.04383474004095578,-0.007328509014114526,0.010806584585134837,-0.016803193695561935,0.041198613655271776,-0.015388531995796817,0.061418409899212545,0.090723237518892,-0.030954636299287963,0.0502430319882643,-0.04113167068839885,-0.0046254396615575954,0.013509653937691768,-0.014100124343005005,0.04390168300782871,-0.012685462643239886,0.06412147925176948,0.09342630687144893,-0.028251566946731033,0.05294610134082123
2020-06-30,20200630,0.046390854421493044,0.0611864457905662,-0.001180827652836558,0.06464716085972588,0.011634737580350052,0.04669205907856355,0.19160454843021957,0.02404689963040174,0.08590370983615658,0.04641425222288165,0.1687925741774423,0.014795591369073158,-0.0475716820743296,0.01825630643823284,-0.03475611684114299,0.0003012046570705085,0.14521369400872652,-0.022343954791091303,0.03951285541466354,2.33978013886027e-05,0.12240171975594927
2020-07-31,20200731,0.10900118404891113,0.16230530738138071,0.12331765177162568,0.18227940430692735,0.05694481076950497,0.202949091306192,0.10812797227042803,0.10837742898502767,0.17286312039281282,0.07537687926364622,0.15620086561246138,0.05330412333246959,0.014316467722714554,0.07327822025801622,-0.052056373279406154,0.09394790725728086,-0.0008732117784830962,-0.0006237550638834577,0.06386193634390169,-0.0336243047852649,0.047199681563550255
2020-08-31,20200831,0.025882422605148614,0.05015885155550026,0.009519791947534495,0.040956327042188434,0.02002761749765747,-0.010330049345194436,-0.013417212611054996,0.006443010306458552,0.12040826126159776,0.016344813761240307,-0.027681337948046725,0.024276428950351647,-0.01636263065761412,0.01507390443703982,-0.005854805107491146,-0.03621247195034305,-0.03929963521620361,-0.019439412298690062,0.09452583865644915,-0.009537608843908307,-0.05356376055319534
2020-09-30,20200930,-0.05230943570032254,-0.172885898651853,-0.04971761634594252,-0.060199486233813215,-0.03522682769990959,-0.09652013388081837,-0.060944144387623744,-0.01830213278886128,-0.09181520053461079,-0.04634627982934214,-0.08443325352664632,-0.12057646295153046,0.0025918193543800205,-0.007890050533490678,0.017082608000412947,-0.04421069818049583,-0.008634708687301207,0.03400730291146126,-0.03950576483428825,0.005963155870980397,-0.032123817826323786
2020-10-30,20201030,0.002013951297244354,-0.046034825654164835,-0.009081554014234494,0.0275244107220598,0.01711443534039936,0.019013382982447702,0.013922653175941546,0.0726598866173378,0.04163912063001152,-0.04399361801139001,0.023375507098952086,-0.04804877695140919,-0.011095505311478848,0.025510459424815446,0.015100484043155005,0.016999431685203348,0.011908701878697192,0.07064593532009344,0.03962516933276716,-0.046007569308634366,0.021361555801707732
2020-11-30,20201130,0.05185929249289756,0.03072762626182679,0.15007454707903078,0.07642042385209868,0.10910962302442706,0.20511613656231775,0.04016457988730693,0.08752603345676024,0.022993110414583073,0.06130366778417251,-0.0663055883876954,-0.021131666231070767,0.09821525458613323,0.024561131359201127,0.0572503305315295,0.1532568440694202,-0.01169471260559063,0.035666740963862686,-0.028866182078314484,0.009444375291274953,-0.11816488088059296
2020-12-31,20201231,0.02397401934986454,0.018622642884661422,-0.01284055515113891,0.025958507997289715,-0.006090491104151385,0.06110876421849776,0.009391242799336563,0.043044332153597376,0.17986788868336068,-0.07143550492867856,0.09518135546650774,-0.005351376465203117,-0.03681457450100345,0.0019844886474251755,-0.030064510454015925,0.03713474486863322,-0.014582776550527976,0.019070312803732836,0.15589386933349614,-0.0954095242785431,0.0712073361166432
2021-01-29,20210129,0.002879297819882165,0.003194398303135726,-0.05818353259752673,0.06650023567067498,0.0010011889118326511,0.03914447331913484,0.013811121976770924,-0.03096790137501093,0.014308329380036122,-0.06828332562375694,0.0053364002109719255,0.0003151004832535609,-0.0610628304174089,0.06362093785079281,-0.001878108908049514,0.03626517549925268,0.010931824156888759,-0.033847199194893096,0.011429031560153957,-0.0711626234436391,0.0024571023910897605
2021-02-26,20210226,0.007467839425518097,0.08307774607703267,0.06439218907771571,0.04289755719031918,0.08360049652166923,0.06679609551096566,-0.03406264192767472,-0.015302750770905926,-0.05046059382939616,0.103252896808812,-0.016065881066194,0.07560990665151457,0.056924349652197614,0.03542971776480108,0.07613265709615114,0.05932825608544756,-0.041530481353192816,-0.022770590196424023,-0.05792843325491426,0.0957850573832939,-0.023533720491712096
2021-03-31,20210331,-0.019141199402692433,-0.07562803846904664,0.04182109062844197,-0.06490127575281246,0.06628042574408366,-0.10210012382181999,-0.05801599489267717,-0.03301329288120691,-0.043481179036858886,-0.03909499547446893,-0.030125196600598758,-0.05648683906635421,0.0609622900311344,-0.04576007635012003,0.08542162514677609,-0.08295892441912756,-0.03887479548998474,-0.01387209347851448,-0.024339979634166453,-0.019953796071776497,-0.010983997197906326
2021-04-30,20210430,0.0014364109250906143,0.001099186296810828,0.030403815138630552,0.03648138779983978,0.08850467217486058,0.09013414732895408,0.06182727378883546,-0.007496173794745209,0.05978878414696531,-0.015433380870862878,0.1097471198101998,-0.0003372246282797864,0.028967404213539938,0.03504497687474917,0.08706826124976996,0.08869773640386347,0.06039086286374484,-0.008932584719835823,0.0583523732218747,-0.016869791795953493,0.10831070888510919
2021-05-31,20210531,0.048920233395302715,-0.04722328123014363,0.0654427128189381,0.06929651077070131,-0.008843745118366275,0.08420780156211327,0.020974572616398346,-0.013865523271440972,0.09219313599121182,0.017715001316800816,0.02956012113350348,-0.09614351462544635,0.016522479423635383,0.0203762773753986,-0.05776397851366899,0.03528756816681056,-0.02794566077890437,-0.06278575666674369,0.0432729025959091,-0.0312052320785019,-0.019360112261799234
2021-06-30,20210630,-0.00671557307652626,-0.03715154586923464,0.023044616655244488,0.05371075641519396,-0.009316670069525745,-0.0438692827825885,0.11816785960940179,-0.0652648176361933,-0.05664675830488308,-0.0806034232359667,-0.002627913441259788,-0.030435972792708377,0.029760189731770748,0.06042632949172022,-0.0026010969929994854,-0.03715370970606224,0.12488343268592805,-0.058549244559667035,-0.04993118522835682,-0.07388785015944044,0.004087659635266472
2021-07-30,20210730,-0.05397643181368217,-0.1425266593340223,0.020162010635812688,0.05127979514253167,0.1759154807358556,0.27401585061339695,0.040063917919116676,-0.09187386294724087,-0.19205436667795273,-0.11822873735212436,-0.09989586370641901,-0.08855022752034014,0.07413844244949486,0.10525622695621384,0.22989191254953778,0.3279922824270791,0.09404034973279884,-0.0378974311335587,-0.13807793486427056,-0.06425230553844219,-0.04591943189273684
2021-08-31,20210831,0.043146186874090775,-0.004617139312243279,0.2945908722020736,0.12462121537286142,0.175641853457553,0.1799989092421279,-0.06966802266453576,-0.000418321723945958,-0.04279989087180258,0.050277509966907274,-0.0862569458234187,-0.047763326186334054,0.2514446853279828,0.08147502849877064,0.13249566658346223,0.13685272236803714,-0.11281420953862653,-0.04356450859803673,-0.08594607774589336,0.0071313230928164995,-0.12940313269750947
2021-09-30,20210930,0.006836176684706707,0.0942642905833091,0.03434059145308921,-0.03830865613425105,-0.13403809035605752,-0.18111045955728355,-0.03931068677553984,-0.01010407388068113,0.12489071654653117,0.05266830411968293,0.04956863409544843,0.08742811389860239,0.0275044147683825,-0.04514483281895776,-0.14087426704076422,-0.18794663624199026,-0.046146863460246546,-0.016940250565387838,0.11805453986182446,0.04583212743497622,0.04273245741074172
2021-10-29,20211029,-0.005838011505627461,0.026940761175877403,-0.13372228998227054,-0.003651097908952683,-0.1168333816565188,-0.006222573408023124,0.017013451456902695,-0.006803081684816359,0.017800593008912458,-0.08887710460029163,-0.040948447928099596,0.032778772681504864,-0.12788427847664308,0.0021869135966747777,-0.11099537015089134,-0.0003845619023956637,0.022851462962530156,-0.0009650701791888983,0.023638604514539918,-0.08303909309466417,-0.035110436422472135
2021-11-30,20211130,0.004665754808679035,0.003030110458936086,-0.048178221098437946,-0.0034892196654970897,0.009838588331851472,0.08841935254862987,0.08530447760597637,0.0010934495861163462,0.014978765644826808,0.021757898514875418,0.03664719346168699,-0.0016356443497429485,-0.05284397590711698,-0.008154974474176124,0.005172833523172438,0.08375359773995084,0.08063872279729734,-0.0035723052225626883,0.010313010836147773,0.017092143706196383,0.031981438653007954
2021-12-31,20211231,0.02129360442685191,0.0700303247600369,0.04504155547083477,-0.02418569607047638,-0.012093248492195952,-0.09520072269628332,0.0016952959174092452,0.04935264371283554,0.07820342485975806,0.06039032139647338,-0.012288362192967472,0.04873672033318499,0.023747951043982862,-0.04547930049732829,-0.03338685291904786,-0.11649432712313523,-0.019598308509442663,0.028059039285983634,0.056909820432906155,0.03909671696962147,-0.03358196661981938
